id,email,display_name
8,chris@flowos.dev,Chris Tulino
9,sarah.chen@flowos.dev,Sarah Chen
10,marcus.williams@flowos.dev,Marcus Williams
11,elena.vasquez@flowos.dev,Elena Vasquez
12,raj.patel@flowos.dev,Raj Patel
13,lisa.nakamura@flowos.dev,Lisa Nakamura
14,david.okafor@flowos.dev,David Okafor
15,yuki.tanaka@flowos.dev,Yuki Tanaka
16,james.morrison@flowos.dev,James Morrison
17,priya.sharma@flowos.dev,Priya Sharma
18,alex.petrov@flowos.dev,Alex Petrov
19,nina.kowalski@flowos.dev,Nina Kowalski
20,omar.hassan@flowos.dev,Omar Hassan
21,mei.lin@flowos.dev,Mei Lin
22,carlos.rivera@flowos.dev,Carlos Rivera
23,daniel.berg@flowos.dev,Daniel Berg
24,fatima.al-rashid@flowos.dev,Fatima Al-Rashid
25,sophie.dubois@flowos.dev,Sophie Dubois
26,ryan.kim@flowos.dev,Ryan Kim
27,jennifer.wright@flowos.dev,Jennifer Wright
28,thomas.andersen@flowos.dev,Thomas Andersen
29,maria.santos@flowos.dev,Maria Santos
30,kevin.brown@flowos.dev,Kevin Brown
31,aisha.johnson@flowos.dev,Aisha Johnson
32,rachel.green@flowos.dev,Rachel Green
33,michael.torres@flowos.dev,Michael Torres